{
  "prepare_queue": {
    "installed": [],
    "uninstalled": []
  },
  "config_munge": {
    "files": {
      "res/values/strings.xml": {
        "parents": {
          "/resources": [
            {
              "xml": "<string name=\"admob_app_id\">ca-app-pub-5082970637728261~2918753677</string>",
              "count": 1
            }
          ]
        }
      },
      "AndroidManifest.xml": {
        "parents": {
          "/manifest/application": [
            {
              "xml": "<meta-data android:name=\"com.google.android.gms.ads.APPLICATION_ID\" android:value=\"@string/admob_app_id\" />",
              "count": 1
            }
          ]
        }
      },
      "config.xml": {
        "parents": {
          "/*": [
            {
              "xml": "<feature name=\"ConstructAd\"><param name=\"android-package\" value=\"com.scirra.ConstructAd\" /></feature>",
              "count": 1
            },
            {
              "xml": "<feature name=\"notchfix\"><param name=\"android-package\" value=\"com.scirra.notchfix.NotchFix\" /><param name=\"onload\" value=\"true\" /></feature>",
              "count": 1
            }
          ]
        }
      },
      "res/xml/config.xml": {
        "parents": {
          "/*": [
            {
              "xml": "<feature name=\"Whitelist\"><param name=\"android-package\" value=\"org.apache.cordova.whitelist.WhitelistPlugin\" /><param name=\"onload\" value=\"true\" /></feature>",
              "count": 1
            },
            {
              "xml": "<feature name=\"SplashScreen\"><param name=\"android-package\" value=\"org.apache.cordova.splashscreen.SplashScreen\" /><param name=\"onload\" value=\"true\" /></feature>",
              "count": 1
            },
            {
              "xml": "<feature name=\"File\"><param name=\"android-package\" value=\"org.apache.cordova.file.FileUtils\" /><param name=\"onload\" value=\"true\" /></feature>",
              "count": 1
            },
            {
              "xml": "<allow-navigation href=\"cdvfile:*\" />",
              "count": 1
            },
            {
              "xml": "<feature name=\"AndroidFullScreen\"><param name=\"android-package\" value=\"com.mesmotronic.plugins.FullScreenPlugin\" /></feature>",
              "count": 1
            }
          ]
        }
      }
    }
  },
  "installed_plugins": {
    "construct-mobile-advert": {
      "ADMOB_APP_ID": "ca-app-pub-5082970637728261~2918753677",
      "ADMOB_IOS_APP_ID": "PLACEHOLDER",
      "PACKAGE_NAME": "com.goent.espantagosgo"
    },
    "cordova-plugin-whitelist": {
      "PACKAGE_NAME": "com.goent.espantagosgo"
    },
    "cordova-plugin-splashscreen": {
      "PACKAGE_NAME": "com.goent.espantagosgo"
    },
    "construct-plugin-file": {
      "PACKAGE_NAME": "com.goent.espantagosgo"
    },
    "cordova-plugin-fullscreen": {
      "PACKAGE_NAME": "com.goent.espantagosgo"
    },
    "construct-mobile-notchfix": {
      "PACKAGE_NAME": "com.goent.espantagosgo"
    }
  },
  "dependent_plugins": {},
  "modules": [
    {
      "id": "construct-mobile-advert.ConstructAd",
      "file": "plugins/construct-mobile-advert/www/ConstructAd.js",
      "pluginId": "construct-mobile-advert",
      "clobbers": [
        "cordova.plugins.ConstructAd"
      ]
    },
    {
      "id": "cordova-plugin-splashscreen.SplashScreen",
      "file": "plugins/cordova-plugin-splashscreen/www/splashscreen.js",
      "pluginId": "cordova-plugin-splashscreen",
      "clobbers": [
        "navigator.splashscreen"
      ]
    },
    {
      "id": "construct-plugin-file.DirectoryEntry",
      "file": "plugins/construct-plugin-file/www/DirectoryEntry.js",
      "pluginId": "construct-plugin-file",
      "clobbers": [
        "window.DirectoryEntry"
      ]
    },
    {
      "id": "construct-plugin-file.DirectoryReader",
      "file": "plugins/construct-plugin-file/www/DirectoryReader.js",
      "pluginId": "construct-plugin-file",
      "clobbers": [
        "window.DirectoryReader"
      ]
    },
    {
      "id": "construct-plugin-file.Entry",
      "file": "plugins/construct-plugin-file/www/Entry.js",
      "pluginId": "construct-plugin-file",
      "clobbers": [
        "window.Entry"
      ]
    },
    {
      "id": "construct-plugin-file.File",
      "file": "plugins/construct-plugin-file/www/File.js",
      "pluginId": "construct-plugin-file",
      "clobbers": [
        "window.File"
      ]
    },
    {
      "id": "construct-plugin-file.FileEntry",
      "file": "plugins/construct-plugin-file/www/FileEntry.js",
      "pluginId": "construct-plugin-file",
      "clobbers": [
        "window.FileEntry"
      ]
    },
    {
      "id": "construct-plugin-file.FileError",
      "file": "plugins/construct-plugin-file/www/FileError.js",
      "pluginId": "construct-plugin-file",
      "clobbers": [
        "window.FileError"
      ]
    },
    {
      "id": "construct-plugin-file.FileReader",
      "file": "plugins/construct-plugin-file/www/FileReader.js",
      "pluginId": "construct-plugin-file",
      "clobbers": [
        "window.FileReader"
      ]
    },
    {
      "id": "construct-plugin-file.FileSystem",
      "file": "plugins/construct-plugin-file/www/FileSystem.js",
      "pluginId": "construct-plugin-file",
      "clobbers": [
        "window.FileSystem"
      ]
    },
    {
      "id": "construct-plugin-file.FileUploadOptions",
      "file": "plugins/construct-plugin-file/www/FileUploadOptions.js",
      "pluginId": "construct-plugin-file",
      "clobbers": [
        "window.FileUploadOptions"
      ]
    },
    {
      "id": "construct-plugin-file.FileUploadResult",
      "file": "plugins/construct-plugin-file/www/FileUploadResult.js",
      "pluginId": "construct-plugin-file",
      "clobbers": [
        "window.FileUploadResult"
      ]
    },
    {
      "id": "construct-plugin-file.FileWriter",
      "file": "plugins/construct-plugin-file/www/FileWriter.js",
      "pluginId": "construct-plugin-file",
      "clobbers": [
        "window.FileWriter"
      ]
    },
    {
      "id": "construct-plugin-file.Flags",
      "file": "plugins/construct-plugin-file/www/Flags.js",
      "pluginId": "construct-plugin-file",
      "clobbers": [
        "window.Flags"
      ]
    },
    {
      "id": "construct-plugin-file.LocalFileSystem",
      "file": "plugins/construct-plugin-file/www/LocalFileSystem.js",
      "pluginId": "construct-plugin-file",
      "clobbers": [
        "window.LocalFileSystem"
      ],
      "merges": [
        "window"
      ]
    },
    {
      "id": "construct-plugin-file.Metadata",
      "file": "plugins/construct-plugin-file/www/Metadata.js",
      "pluginId": "construct-plugin-file",
      "clobbers": [
        "window.Metadata"
      ]
    },
    {
      "id": "construct-plugin-file.ProgressEvent",
      "file": "plugins/construct-plugin-file/www/ProgressEvent.js",
      "pluginId": "construct-plugin-file",
      "clobbers": [
        "window.ProgressEvent"
      ]
    },
    {
      "id": "construct-plugin-file.fileSystems",
      "file": "plugins/construct-plugin-file/www/fileSystems.js",
      "pluginId": "construct-plugin-file"
    },
    {
      "id": "construct-plugin-file.requestFileSystem",
      "file": "plugins/construct-plugin-file/www/requestFileSystem.js",
      "pluginId": "construct-plugin-file",
      "clobbers": [
        "window.requestFileSystem"
      ]
    },
    {
      "id": "construct-plugin-file.resolveLocalFileSystemURI",
      "file": "plugins/construct-plugin-file/www/resolveLocalFileSystemURI.js",
      "pluginId": "construct-plugin-file",
      "merges": [
        "window"
      ]
    },
    {
      "id": "construct-plugin-file.isChrome",
      "file": "plugins/construct-plugin-file/www/browser/isChrome.js",
      "pluginId": "construct-plugin-file",
      "runs": true
    },
    {
      "id": "construct-plugin-file.androidFileSystem",
      "file": "plugins/construct-plugin-file/www/android/FileSystem.js",
      "pluginId": "construct-plugin-file",
      "merges": [
        "FileSystem"
      ]
    },
    {
      "id": "construct-plugin-file.fileSystems-roots",
      "file": "plugins/construct-plugin-file/www/fileSystems-roots.js",
      "pluginId": "construct-plugin-file",
      "runs": true
    },
    {
      "id": "construct-plugin-file.fileSystemPaths",
      "file": "plugins/construct-plugin-file/www/fileSystemPaths.js",
      "pluginId": "construct-plugin-file",
      "merges": [
        "cordova"
      ],
      "runs": true
    },
    {
      "id": "cordova-plugin-fullscreen.AndroidFullScreen",
      "file": "plugins/cordova-plugin-fullscreen/www/AndroidFullScreen.js",
      "pluginId": "cordova-plugin-fullscreen",
      "clobbers": [
        "AndroidFullScreen"
      ]
    }
  ],
  "plugin_metadata": {
    "construct-mobile-advert": "1.7.3",
    "cordova-plugin-whitelist": "1.3.2",
    "cordova-plugin-splashscreen": "6.0.0",
    "construct-plugin-file": "1.0.0",
    "cordova-plugin-fullscreen": "1.1.0",
    "construct-mobile-notchfix": "1.0.2"
  }
}
